source,site_name,site_id,geometry
SCAN,Gulkana River,SCAN:2222,"c(-145.38, 62.41)"
SCAN,Spring Creek,SCAN:2044,"c(-149.13, 61.66)"
SCAN,Unalakleet,SCAN:2221,"c(-160.75, 63.91)"
SCAN,Canyon Lake,SCAN:1232,"c(-161.16, 59.42)"
SCAN,Checkers Creek,SCAN:2213,"c(-164.71, 65.4)"
SCAN,Hozatka Lake,SCAN:2210,"c(-156.63, 65.2)"
SCAN,Innoko Camp,SCAN:2211,"c(-158.03, 63.64)"
SCAN,Kanuti Lake,SCAN:2212,"c(-151.74, 66.18)"
SCAN,Naknek River,SCAN:2209,"c(-156.57, 58.67)"
SCAN,Kanaryagak Camp,SCAN:2208,"c(-165.12, 61.36)"
SCAN,Lower Mulchatna,SCAN:1233,"c(-156.99, 59.82)"
SCAN,Weary Lake,SCAN:1234,"c(-159.09, 59.13)"
SCAN,Nenana,SCAN:2081,"c(-148.91, 64.69)"
SCAN,Tok,SCAN:2080,"c(-142.98, 63.35)"
SCAN,Aniak,SCAN:2065,"c(-159.58, 61.58)"
SCAN,Moose Inc,SCAN:2062,"c(-151.37, 59.68)"
SCAN,Schor Garden,SCAN:2063,"c(-151.38, 59.68)"
SNTL,McGrath,SNTL:785,"c(-155.61, 62.95)"
SNTL,East Palmer,SNTL:953,"c(-149.1, 61.6)"
SNTL,Galena AK,SNTL:429,"c(-156.71, 64.7)"
SNTL,Flower Mountain,SNTL:1285,"c(-136.28, 59.4)"
SNTL,Heen Latinee,SNTL:1270,"c(-134.86, 58.7)"
SNTL,Jack Wade Jct,SNTL:1275,"c(-141.33, 64.15)"
SNTL,Lower Kachemak Creek,SNTL:1265,"c(-150.69, 59.74)"
SNTL,Alexander Lake,SNTL:1267,"c(-150.89, 61.75)"
SNTL,Telaquana Lake,SNTL:1266,"c(-153.92, 60.98)"
SNTL,Mcneil River SGS,SNTL:1191,"c(-154.28, 59.08)"
SNTL,American Creek,SNTL:1189,"c(-141.23, 64.79)"
SNTL,Exit Glacier,SNTL:1092,"c(-149.62, 60.19)"
SNTL,Chisana,SNTL:1093,"c(-142.05, 62.07)"
SNTL,May Creek,SNTL:1096,"c(-142.71, 61.35)"
SNTL,Sugarloaf Mtn,SNTL:1095,"c(-146.3, 61.08)"
SNTL,Tokositna Valley,SNTL:1089,"c(-150.78, 62.63)"
SNTL,Upper Nome Creek,SNTL:1090,"c(-146.59, 65.37)"
SNTL,Anchorage Hillside,SNTL:1070,"c(-149.67, 61.11)"
SNTL,Esther Island,SNTL:1071,"c(-148.09, 60.8)"
SNTL,Kantishna,SNTL:1072,"c(-150.99, 63.54)"
SNTL,Mt. Eyak,SNTL:1073,"c(-145.75, 60.55)"
SNTL,Kachemak Creek,SNTL:1063,"c(-150.66, 59.73)"
SNTL,Prudhoe Bay,SNTL:1177,"c(-148.57, 70.27)"
SNTL,Upper Tsaina River,SNTL:1055,"c(-145.65, 61.19)"
SNTL,Moraine,SNTL:1035,"c(-149, 61.38)"
SNTL,Johnsons Camp,SNTL:1036,"c(-164.29, 64.56)"
SNTL,Pargon Creek,SNTL:986,"c(-163.1, 64.99)"
SNTL,Port Graham,SNTL:987,"c(-151.85, 59.35)"
SNTL,Rocky Point,SNTL:973,"c(-163.42, 64.53)"
SNTL,Eagle Summit,SNTL:960,"c(-145.41, 65.49)"
SNTL,Gobblers Knob,SNTL:962,"c(-150.67, 66.75)"
SNTL,Coldfoot,SNTL:958,"c(-150.18, 67.25)"
SNTL,Fort Yukon,SNTL:961,"c(-145.25, 66.57)"
SNTL,Kelly Station,SNTL:1175,"c(-162.28, 67.93)"
SNTL,Middle Fork Bradley,SNTL:1064,"c(-150.76, 59.78)"
SNTL,Moore Creek Bridge,SNTL:1176,"c(-135.21, 59.59)"
SNTL,Nuka Glacier,SNTL:1037,"c(-150.71, 59.7)"
SNTL,Grouse Creek Divide,SNTL:964,"c(-149.34, 60.26)"
SNTL,Summit Creek,SNTL:955,"c(-149.53, 60.62)"
SNTL,Susitna Valley High,SNTL:967,"c(-150.04, 62.13)"
SNTL,Granite Crk,SNTL:963,"c(-145.4, 63.94)"
SNTL,Mcneil Canyon,SNTL:1003,"c(-151.25, 59.74)"
SNTL,Monahan Flat,SNTL:1094,"c(-147.65, 63.31)"
SNTL,Point Mackenzie,SNTL:1002,"c(-150.03, 61.39)"
SNTL,Upper Chena,SNTL:952,"c(-144.93, 65.1)"
SNTL,Grandview,SNTL:956,"c(-149.06, 60.61)"
SNTL,Kenai Moose Pens,SNTL:966,"c(-150.48, 60.73)"
SNTL,Sagwon,SNTL:1183,"c(-148.69, 69.42)"
SNTL,Atigun Pass,SNTL:957,"c(-149.48, 68.13)"
SNTL,Cooper Lake,SNTL:959,"c(-149.69, 60.39)"
SNTL,Fairbanks F.O.,SNTL:1174,"c(-147.8, 64.85)"
SNTL,Turnagain Pass,SNTL:954,"c(-149.18, 60.78)"
SNTL,Anchor River Divide,SNTL:1062,"c(-151.32, 59.86)"
SNTL,Bettles Field,SNTL:1182,"c(-151.53, 66.92)"
SNTL,Imnaviat Creek,SNTL:968,"c(-149.3, 68.62)"
SNTL,Little Chena Ridge,SNTL:947,"c(-146.73, 65.12)"
SNTL,Mt. Ryan,SNTL:948,"c(-146.15, 65.25)"
SNTL,Teuchet Creek,SNTL:951,"c(-145.52, 64.95)"
SNTL,Monument Creek,SNTL:949,"c(-145.87, 65.08)"
SNTL,Munson Ridge,SNTL:950,"c(-146.21, 64.85)"
SNTL,Indian Pass,SNTL:946,"c(-149.48, 61.07)"
SNTL,Mt. Alyeska,SNTL:1103,"c(-149.09, 60.96)"
SNTL,Long Lake,SNTL:1001,"c(-133.83, 58.19)"
SNTLT,Horsepasture Pass,SNTLT:1264,"c(-147.63, 62.13)"
COOP,Kuparuk,COOP:5136,"c(-149.58, 70.32)"
COOP,Anchorage Wscmo AP,COOP:0280,"c(-150.02, 61.17)"
COOP,Bettles FAA Airport,COOP:0761,"c(-151.52, 66.92)"
COOP,Barrow WSO Airport,COOP:0546,"c(-156.78, 71.3)"
COOP,Kotzebue WSO Airport,COOP:5076,"c(-162.63, 66.87)"
COOP,Nome WSO Airport,COOP:6496,"c(-165.43, 64.5)"
ACIS,BIG RIVER LAKES,450,"c(-152.29694, 60.81417)"
ACIS,AMCHITKA,20418,"c(179.28333, 51.38333)"
ACIS,ADAK AP,20427,"c(-176.64999, 51.88334)"
ACIS,SHEMYA USAF BASE,20437,"c(174.10001, 52.71667)"
ACIS,ATTU,20441,"c(173.18333, 52.83333)"
ACIS,DUTCH HARBOR NF,20451,"c(-166.53333, 53.88333)"
ACIS,CAPE SARICHEF LIGHT STN,20458,"c(-164.93333, 54.6)"
ACIS,ANNETTE AIRPORT,20462,"c(-131.5787, 55.0389)"
ACIS,COLD BAY AIRPORT,20468,"c(-162.73241, 55.2207)"
ACIS,SAND POINT AP,20472,"c(-160.52083, 55.31944)"
ACIS,BEAVER FALLS,20473,"c(-131.69691, 55.3574)"
ACIS,KETCHIKAN CARLANNA CREEK,20475,"c(-131.7, 55.35)"
ACIS,HOLLIS,20478,"c(-132.62219, 55.4909)"
ACIS,CRAIG,20479,"c(-133.14079, 55.4772)"
ACIS,COFFMAN COVE,20489,"c(-132.83333, 56)"
ACIS,PORT ALEXANDER,20495,"c(-134.6447, 56.2472)"
ACIS,LITTLE PORT WALTER,20498,"c(-134.6497, 56.383)"
ACIS,SITKINAK,20500,"c(-154.13333, 56.55)"
ACIS,PORT HEIDEN AP,20510,"c(-158.63167, 56.95917)"
ACIS,SITKA AIRPORT,20513,"c(-135.3647, 57.0481)"
ACIS,SITKA MAGNETIC OBSY,20514,"c(-135.33333, 57.05)"
ACIS,SAINT PAUL ISLAND AIRPORT,20519,"c(-170.2222, 57.1552)"
ACIS,OLD HARBOR,20521,"c(-153.3, 57.2)"
ACIS,FIVE FINGER LIGHT STN,20522,"c(-133.61667, 57.26667)"
ACIS,ANGOON POWER,20529,"c(-134.5864, 57.49889)"
ACIS,LARSEN BAY,20530,"c(-153.96667, 57.53333)"
ACIS,TENAKEE SPRINGS,20538,"c(-135.23334, 57.78333)"
ACIS,PELICAN,20543,"c(-136.2213, 57.9577)"
ACIS,SNETTISHAM POWER PLANT,20545,"c(-133.73849, 58.1421)"
ACIS,HOONAH,20547,"c(-135.4277, 58.1071)"
ACIS,SISTERS ISLAND,20549,"c(-135.25, 58.16667)"
ACIS,KITOI BAY,20551,"c(-152.37219, 58.1913)"
ACIS,ELFIN COVE,20554,"c(-136.34351, 58.1916)"
ACIS,ANNEX CREEK,20558,"c(-134.1003, 58.3183)"
ACIS,JUNEAU AIRPORT,20559,"c(-134.564, 58.3566)"
ACIS,AUKE BAY,20560,"c(-134.645, 58.3814)"
ACIS,JUNEAU 9 NW,20562,"c(-134.53333, 58.41667)"
ACIS,GLACIER BAY,20565,"c(-135.8692, 58.4561)"
ACIS,CANYON ISLAND,20566,"c(-133.67889, 58.55)"
ACIS,BROOKS RIVER,20571,"c(-155.78333, 58.55)"
ACIS,HAINES TERMINAL,20584,"c(-135.45, 59.26667)"
ACIS,LINGER LONGER,20591,"c(-136.28333, 59.43333)"
ACIS,TUTKA BAY LAGOON,20592,"c(-151.4136, 59.43556)"
ACIS,YAKUTAT AIRPORT,20602,"c(-139.6712, 59.512)"
ACIS,HALIBUT COVE,20605,"c(-151.16667, 59.6)"
ACIS,INTRICATE BAY,20606,"c(-154.49834, 59.555)"
ACIS,HOMER AIRPORT,20608,"c(-151.4908, 59.642)"
ACIS,HOMER 8 NW,20615,"c(-151.6347, 59.7444)"
ACIS,ILIAMNA AIRPORT,20618,"c(-154.90891, 59.7494)"
ACIS,SEWARD,20631,"c(-149.44389, 60.10389)"
ACIS,SEWARD AIRPORT,20634,"c(-149.41667, 60.12833)"
ACIS,PORT ALSWORTH,20636,"c(-154.3163, 60.2036)"
ACIS,KASILOF 3 NW,20640,"c(-151.37398, 60.36516)"
ACIS,COOPER LAKE PROJECT,20641,"c(-149.66611, 60.3925)"
ACIS,MOOSE PASS 3NW,20647,"c(-149.4261, 60.5029)"
ACIS,COOPER LANDING 5 W,20648,"c(-149.96809, 60.4875)"
ACIS,CORDOVA AIRPORT,20654,"c(-145.4511, 60.4888)"
ACIS,CORDOVA NORTH,20655,"c(-145.75301, 60.5561)"
ACIS,TRI NAL ACRES,20660,"c(-150.53333, 60.55)"
ACIS,KENAI AIRPORT,20662,"c(-151.23911, 60.5797)"
ACIS,WHITTIER,20670,"c(-148.68584, 60.77639)"
ACIS,PORTAGE GLACIER VISITOR CENTER,20671,"c(-148.83888, 60.785)"
ACIS,BETHEL AIRPORT,20674,"c(-161.8293, 60.785)"
ACIS,PORTAGE 1 S,20675,"c(-148.98334, 60.81667)"
ACIS,HOPE,20679,"c(-149.6286, 60.8983)"
ACIS,GIRDWOOD SOUTH,20682,"c(-149.15723, 60.94917)"
ACIS,ALYESKA,20684,"c(-149.11079, 60.9583)"
ACIS,CANNERY CREEK,20685,"c(-147.51469, 61.0183)"
ACIS,WORTMAN'S,20693,"c(-145.81667, 61.11667)"
ACIS,GLEN ALPS,20695,"c(-149.6936, 61.1)"
ACIS,ROCK RIDGE DRIVE,20696,"c(-149.75, 61.11667)"
ACIS,ANCHORAGE TED STEVENS INTERNATIONAL AIRPORT,20705,"c(-150.0278, 61.169)"
ACIS,BELUGA,20707,"c(-151.03333, 61.18333)"
ACIS,EAGLE RIVER NATURE CENTER,20710,"c(-149.2708, 61.2344)"
ACIS,EAGLE RIVER SO FORK,20711,"c(-149.43861, 61.2225)"
ACIS,ANCHORAGE MERRILL FIELD,20717,"c(-149.855, 61.21694)"
ACIS,ANCHORAGE ELMENDORF AFB,20725,"c(-149.79361, 61.25306)"
ACIS,EAGLE RIVER 1S,20729,"c(-149.55888, 61.30778)"
ACIS,EKLUTNA PROJECT,20737,"c(-149.16667, 61.46667)"
ACIS,CHITINA,20741,"c(-144.4407, 61.5223)"
ACIS,PLANT MATERIALS CENTER,20742,"c(-149.08333, 61.53333)"
ACIS,WASILLA 3 S,20745,"c(-149.43333, 61.53333)"
ACIS,BEN'S FARM,20752,"c(-149.15421, 61.5632)"
ACIS,MATANUSKA EXPERIMENTAL FARM,20753,"c(-149.2541, 61.5663)"
ACIS,ANIAK AIRPORT,20756,"c(-159.54305, 61.58159)"
ACIS,PALMER JOB CORPS,20760,"c(-149.0992, 61.5888)"
ACIS,PALMER AIRPORT,20761,"c(-149.0916, 61.5961)"
ACIS,ANDERSON LAKE,20764,"c(-149.33971, 61.6244)"
ACIS,WASILLA 2 NE,20765,"c(-149.39999, 61.61667)"
ACIS,TONSINA,20771,"c(-145.1702, 61.651)"
ACIS,SUTTON 1 W,20775,"c(-148.9088, 61.7138)"
ACIS,LITTLE SU AT HATCHER PASS BRIDGE,20778,"c(-149.2316, 61.7102)"
ACIS,WHITES CROSSING,20779,"c(-149.9977, 61.7066)"
ACIS,WILLOW TRADING POST,20783,"c(-150.05, 61.75)"
ACIS,WILLOW WEST,20784,"c(-150.05409, 61.748)"
ACIS,RUSSIAN MISSION,20787,"c(-161.31667, 61.78333)"
ACIS,OLD EDGERTON,20790,"c(-144.98334, 61.8)"
ACIS,TAHNETA PASS,20791,"c(-147.55, 61.81667)"
ACIS,SHEEP MOUNTAIN CAA AIRPORT,20792,"c(-147.68333, 61.8)"
ACIS,COPPER CENTER,20802,"c(-145.31667, 61.96667)"
ACIS,NELCHINA HIGHWAY CAMP,20803,"c(-146.86667, 61.98333)"
ACIS,SKWENTNA,20806,"c(-151.2169, 61.9772)"
ACIS,SNOWSHOE LAKE,20810,"c(-146.69299, 62.0302)"
ACIS,ST MARYS,20815,"c(-163.17111, 62.05278)"
ACIS,GENNALLEN KCAM,20820,"c(-145.5331, 62.1086)"
ACIS,MONTANA CREEK,20821,"c(-150.05888, 62.10444)"
ACIS,PUNTILLA,20822,"c(-152.73489, 62.0911)"
ACIS,GULKANA AIRPORT,20825,"c(-145.4588, 62.1591)"
ACIS,GAKONA 1 N,20832,"c(-145.3, 62.3)"
ACIS,TALKEETNA AIRPORT,20835,"c(-150.095, 62.32)"
ACIS,"NABESNA",20841,"c(-142.9966, 62.3977)"
ACIS,CHULITNA HIGHWAY CAMP,20842,"c(-150.25, 62.4)"
ACIS,SOURDOUGH 1 N,20844,"c(-145.51666, 62.53333)"
ACIS,EDGEMIRE LAKES,20846,"c(-150.28333, 62.53333)"
ACIS,FAREWELL FAA AIRPORT,20847,"c(-153.88333, 62.51667)"
ACIS,EMMONAK,20855,"c(-164.4911, 62.78528)"
ACIS,CHULITNA RIVER,20857,"c(-149.9061, 62.8255)"
ACIS,TATLINA AP,20858,"c(-155.97639, 62.89417)"
ACIS,NORTHWAY AIRPORT,20860,"c(-141.98779, 62.9617)"
ACIS,MANKOMEN LAKE,20862,"c(-144.47917, 62.98611)"
ACIS,MC GRATH ON KUSKOKWIM RIV,20864,"c(-155.59029, 62.95833)"
ACIS,MCGRATH AP,20865,"c(-155.61031, 62.9574)"
ACIS,NIKOLAI,20867,"c(-154.36389, 63.01806)"
ACIS,SUMMIT LAKE,20869,"c(-145.54083, 63.14833)"
ACIS,TOK SCHOOL,20875,"c(-142.95778, 63.33306)"
ACIS,TOK,20879,"c(-143.0372, 63.3337)"
ACIS,TANACROSS,20880,"c(-143.34833, 63.37833)"
ACIS,EIELSON VISITOR CENTER,20886,"c(-150.31168, 63.42583)"
ACIS,WONDER LAKE,20887,"c(-150.86972, 63.49028)"
ACIS,SAVOONGA,20892,"c(-170.48083, 63.69361)"
ACIS,GAMBELL AP,20895,"c(-171.73277, 63.76667)"
ACIS,HEALY,20897,"c(-148.9436, 63.84528)"
ACIS,UNALAKLEET WSO AIRPORT,20898,"c(-160.8, 63.88333)"
ACIS,HEALY,20899,"c(-148.99429, 63.8674)"
ACIS,BIG DELTA AIRPORT,20905,"c(-145.72141, 63.9944)"
ACIS,CHICKEN,20909,"c(-141.9211, 64.0917)"
ACIS,CLEARWATER,20910,"c(-145.51666, 64.05)"
ACIS,BIG DELTA,20911,"c(-145.845, 64.15639)"
ACIS,RIKAS LANDING,20913,"c(-145.85001, 64.15)"
ACIS,CLEAR 4 N,20920,"c(-149.04361, 64.35472)"
ACIS,KALTAG AP,20921,"c(-158.74167, 64.32667)"
ACIS,SALCHA,20926,"c(-146.97667, 64.49417)"
ACIS,NOME AIRPORT,20927,"c(-165.44, 64.5111)"
ACIS,NENANA MUN AP,20930,"c(-149.09612, 64.54611)"
ACIS,NULATO,20940,"c(-158.10222, 64.71861)"
ACIS,WHITE MOUNTAIN,20942,"c(-163.39999, 64.68333)"
ACIS,EAGLE,20943,"c(-141.2036, 64.7856)"
ACIS,NORTH POLE,20944,"c(-147.3253, 64.7581)"
ACIS,RUBY WEST,20945,"c(-155.48418, 64.7425)"
ACIS,FAIRBANKS INTL AP,20947,"c(-147.8761, 64.8039)"
ACIS,UNIVERSITY EXPERIMENTAL STATION,20955,"c(-147.86099, 64.8569)"
ACIS,COLLEGE OBSERVATORY,20958,"c(-147.8484, 64.8603)"
ACIS,COLLEGE 5 NW,20960,"c(-147.88028, 64.925)"
ACIS,GILMORE CREEK,20963,"c(-147.5211, 64.9766)"
ACIS,MANLEY HOT SPRINGS,20967,"c(-150.638, 64.9988)"
ACIS,CHENA HOT SPRINGS RESORT,20968,"c(-146.05611, 65.0528)"
ACIS,TANANA AIRPORT,20975,"c(-152.1067, 65.175)"
ACIS,TELLER,20985,"c(-166.35944, 65.26083)"
ACIS,PORT CLARENCE,20986,"c(-166.86667, 65.25)"
ACIS,CIRCLE HOT SPRINGS,20990,"c(-144.6422, 65.4939)"
ACIS,LIVENGOOD DOT,20993,"c(-148.5497, 65.5225)"
ACIS,TIN CITY,20999,"c(-167.92139, 65.56306)"
ACIS,WALES,21000,"c(-168.09917, 65.62389)"
ACIS,CIRCLE CITY,21004,"c(-144.06667, 65.83333)"
ACIS,BEAVER,21016,"c(-147.40138, 66.35972)"
ACIS,ALLAKAKET,21020,"c(-152.6425, 66.56528)"
ACIS,PROSPECT CREEK,21026,"c(-150.66888, 66.82361)"
ACIS,NOORVIK,21028,"c(-161.04778, 66.83306)"
ACIS,KOTZEBUE AIRPORT,21029,"c(-162.6333, 66.8667)"
ACIS,BETTLES AIRPORT,21030,"c(-151.51891, 66.9175)"
ACIS,BETTLES,21031,"c(-151.5, 66.93333)"
ACIS,VENETIE,21037,"c(-146.4325, 67.01778)"
ACIS,AMBLER WEST,21040,"c(-157.86667, 67.08333)"
ACIS,WISEMAN,21043,"c(-150.10957, 67.40822)"
ACIS,ARCTIC VILLAGE,21053,"c(-145.53333, 68.11667)"
ACIS,POINT HOPE AIRPORT,21057,"c(-166.8, 68.35)"
ACIS,GALBRAITH LAKE AIRPORT,21061,"c(-149.49001, 68.47889)"
ACIS,UMIAT,21076,"c(-152.14, 69.36944)"
ACIS,BARTER ISLAND WSO AP,21093,"c(-143.57693, 70.13389)"
ACIS,WAINWRIGHT,21116,"c(-160.01443, 70.63778)"
ACIS,LONELY,21119,"c(-153.25, 70.91667)"
ACIS,BARROW AIRPORT,21127,"c(-156.78149, 71.2834)"
ACIS,SEWARD 8 NW,21132,"c(-149.6274, 60.1883)"
ACIS,PORT PROTECTION,21133,"c(-133.61667, 56.31667)"
ACIS,PALMER 12NNW,21134,"c(-149.2, 61.78333)"
ACIS,KOTZEBUE 25 N,21135,"c(-162.8, 67.25)"
ACIS,MAIN BAY,21136,"c(-148.09309, 60.5181)"
ACIS,KENAI 9N,21137,"c(-151.32278, 60.66917)"
ACIS,CANTWELL 2 E,21138,"c(-148.895, 63.3952)"
ACIS,KUPARUK,21139,"c(-149.6114, 70.3289)"
ACIS,MCCARTHY 3 SW,21140,"c(-142.99609, 61.418)"
ACIS,PORT CHATHAM,21141,"c(-151.75, 59.21667)"
ACIS,ST MARYS AIRPORT,21142,"c(-163.3, 62.06667)"
ACIS,PORT SAN JUAN,21143,"c(-148.0672, 60.0502)"
ACIS,KLAWOCK,21144,"c(-133.10001, 55.55)"
ACIS,KILLIK,21145,"c(-154.3, 68.45)"
ACIS,HAYES RIVER,21146,"c(-152.07584, 61.98722)"
ACIS,FUNTER BAY,21147,"c(-134.89999, 58.25)"
ACIS,DELTA JUNCTION 20 SE,21148,"c(-145.105, 63.9647)"
ACIS,DILLINGHAM 17 NW,21149,"c(-158.83333, 59.18333)"
ACIS,SPARREVOHN,21152,"c(-155.55, 61.1)"
ACIS,WILLOW HIGHWAY CAMP,21153,"c(-150.05, 61.76667)"
ACIS,EIELSON FIELD,21154,"c(-147.10001, 64.66667)"
ACIS,CAPE NEWENHAM,21155,"c(-162.14999, 58.63333)"
ACIS,CAPE LISBURNE,21156,"c(-166.11667, 68.86667)"
ACIS,INDIAN MOUNTAIN,21157,"c(-153.68333, 65.98333)"
ACIS,CAPE ROMANZOF,21158,"c(-166.05, 61.76667)"
ACIS,DELTA JUNCTION 4 SE,21159,"c(-145.61667, 64.01667)"
ACIS,HOUSTON,21160,"c(-149.80112, 61.63111)"
ACIS,LAZY MOUNTAIN,21161,"c(-149.0365, 61.6266)"
ACIS,FAREWELL LAKE,21162,"c(-153.62056, 62.54222)"
ACIS,POINT MACKENZIE,21163,"c(-150.08194, 61.41694)"
ACIS,PORT ALCAN,21166,"c(-141.006, 62.6211)"
ACIS,SHAGELUK,21167,"c(-159.56667, 62.7)"
ACIS,PRUDHOE BAY,21168,"c(-148.33333, 70.25)"
ACIS,MIRROR LAKE SCOUT CAMP,21169,"c(-149.4075, 61.42528)"
ACIS,AMBLER,21170,"c(-157.85001, 67.08333)"
ACIS,AKUTAN,21171,"c(-165.76666, 54.13333)"
ACIS,SEWARD 19N,21173,"c(-149.3483, 60.3538)"
ACIS,SALCHA RIVER AT JOHNSON'S,21182,"c(-146.3726, 64.5254)"
ACIS,MILE 101 STEESE,21186,"c(-145.33333, 65.51667)"
ACIS,KALGIN ISLAND,21187,"c(-151.91667, 60.45)"
ACIS,MILE 39 STEESE,21188,"c(-147.25417, 65.19056)"
ACIS,MILE 42 STEESE,21189,"c(-147.16667, 65.22222)"
ACIS,LITTLE DIOMEDE,21190,"c(-168.93333, 65.75)"
ACIS,HOMER 9 E,21191,"c(-151.32556, 59.71611)"
ACIS,KOYUK,21192,"c(-161.14999, 64.93333)"
ACIS,OUZINKIE,21199,"c(-152.50111, 57.92556)"
ACIS,EAGLE RIVER 5 SE,21200,"c(-149.4399, 61.2968)"
ACIS,HAINES 40NW,21201,"c(-136.3615, 59.4503)"
ACIS,CHELATNA LAKE,21202,"c(-151.40916, 62.43389)"
ACIS,FORT RICHARDSON WATER TREATMENT PLANT,21204,"c(-149.65041, 61.2272)"
ACIS,LAKE SUSITNA,21205,"c(-146.67889, 62.45278)"
ACIS,HOMER 17 E,21207,"c(-151.16667, 59.76667)"
ACIS,ILLINOIS CREEK,21208,"c(-157.83333, 64.05)"
ACIS,BIG BAY RANGER STATION,21209,"c(-152.60806, 58.55194)"
ACIS,CHINIAK,21210,"c(-152.36444, 57.61528)"
ACIS,HIDDEN FALLS HATCHERY,21212,"c(-134.87691, 57.2177)"
ACIS,TWO RIVERS,21215,"c(-146.95416, 64.86556)"
ACIS,ALASKA PACIFIC UNIVERSITY,21216,"c(-149.80556, 61.18889)"
ACIS,ANCHORAGE HILLSIDE,21217,"c(-149.73334, 61.11667)"
ACIS,SILVER LAKE,21218,"c(-144.19139, 61.5175)"
ACIS,COLDFOOT,21220,"c(-150.1875, 67.2539)"
ACIS,SKAGWAY 1 NW,21221,"c(-135.31667, 59.46667)"
ACIS,DELTA 5 NE,21223,"c(-145.6136, 64.0839)"
ACIS,ANDERSON,28825,"c(-149.19472, 64.34583)"
ACIS,CASWELL 5 N,28827,"c(-150.05943, 61.97361)"
ACIS,CRESTLINE,28829,"c(-147.66499, 64.92389)"
ACIS,DELTA 6 N,28830,"c(-145.7511, 64.1172)"
ACIS,DRY CREEK,28831,"c(-144.6041, 63.67459)"
ACIS,FLAG HILL,28832,"c(-146.94861, 64.40778)"
ACIS,KEYSTONE RIDGE,28833,"c(-148.2711, 64.9156)"
ACIS,MINERAL LAKES,28835,"c(-143.37833, 62.945)"
ACIS,COLVILLE VILLAGE,28874,"c(-150.40939, 70.4322)"
ACIS,DELTA FORESTRY EXP STN,28875,"c(-145.34193, 63.93333)"
ACIS,FAIRBANKS MIDTOWN,28876,"c(-147.79111, 64.83417)"
ACIS,FOX 2 SE,28888,"c(-147.6261, 64.9591)"
ACIS,GALENA,28889,"c(-156.8755, 64.7408)"
ACIS,GOLDSTREAM,28890,"c(-147.87666, 64.92611)"
ACIS,LITTLE CHENA #2,28892,"c(-147.32028, 64.88722)"
ACIS,LITTLE CHENA #3,28893,"c(-147.34111, 64.89444)"
ACIS,MOOSE CREEK,28894,"c(-147.15807, 64.71361)"
ACIS,NOATAK,28895,"c(-162.96973, 67.57556)"
ACIS,PEARL CREEK,28897,"c(-147.79611, 64.89222)"
ACIS,SILVER BIRCH ESTATES,28898,"c(-147.59418, 64.89806)"
ACIS,TOK D O T,28899,"c(-142.99722, 63.32833)"
ACIS,WHITESTONE FARMS,28900,"c(-145.8894, 64.1539)"
ACIS,NORTH POLE 1N,28901,"c(-147.34, 64.76)"
ACIS,ESTER 5NE,29084,"c(-147.92419, 64.911)"
ACIS,FORT KNOX MINE,29085,"c(-147.34081, 65.0033)"
ACIS,TRAPPER CREEK 7SW,29086,"c(-150.42278, 62.26222)"
ACIS,ANCHORAGE FORECAST OFFICE,29119,"c(-149.9847, 61.1561)"
ACIS,TATALINA RIVER,29424,"c(-148.24861, 65.38444)"
ACIS,CHENA RIDGE,29432,"c(-147.85249, 64.83)"
ACIS,ESTER DOME,29436,"c(-148.04388, 64.87583)"
ACIS,ESTER,29437,"c(-148.0256, 64.8464)"
ACIS,ESTER 6 NE,29438,"c(-147.91389, 64.91333)"
ACIS,FOX 3 SE,29439,"c(-147.55833, 64.93278)"
ACIS,KOBE HILL,29442,"c(-149.4314, 64.19417)"
ACIS,MOOSE MOUNTAIN,29445,"c(-147.93723, 64.91944)"
ACIS,SAG RIVER DOT,29447,"c(-148.87306, 68.76083)"
ACIS,TELIDA,29448,"c(-153.27055, 63.39611)"
ACIS,FORT YUKON,29455,"c(-145.26666, 66.56667)"
ACIS,GUSTAVUS,29574,"c(-135.70889, 58.4111)"
ACIS,SKAGWAY,29638,"c(-135.3136, 59.4547)"
ACIS,SKAGWAY AIRPORT,29639,"c(-135.3239, 59.4556)"
ACIS,WRANGELL AIRPORT,29707,"c(-132.38741, 56.4732)"
ACIS,CHANDALAR LAKE,29819,"c(-148.49249, 67.5111)"
ACIS,CENTRAL NO 2,29820,"c(-144.7653, 65.5667)"
ACIS,FIVE MILE,29822,"c(-149.83333, 65.93333)"
ACIS,GALENA AIRPORT,29823,"c(-156.93443, 64.73667)"
ACIS,MINCHUMINA,29824,"c(-152.2816, 63.9033)"
ACIS,PAXSON,29825,"c(-145.49834, 63.03222)"
ACIS,SLANA,29826,"c(-143.9808, 62.7089)"
ACIS,MC CARTHY 1 NE,29829,"c(-142.89999, 61.43333)"
ACIS,VALDEZ AIRPORT,29830,"c(-146.2435, 61.1315)"
ACIS,VALDEZ WSO,29831,"c(-146.3517, 61.1303)"
ACIS,MEKORYUK,29833,"c(-166.2, 60.38333)"
ACIS,YAKATAGA AIRPORT,29834,"c(-142.5, 60.08333)"
ACIS,HAINES AIRPORT,29837,"c(-135.5094, 59.2433)"
ACIS,DILLINGHAM AP,29839,"c(-158.51669, 59.05)"
ACIS,KING SALMON AIRPORT,29840,"c(-156.6563, 58.6829)"
ACIS,JUNEAU DOWNTOWN,29841,"c(-134.4111, 58.2988)"
ACIS,KODIAK AIRPORT,29842,"c(-152.4855, 57.7511)"
ACIS,PETERSBURG 1,29843,"c(-132.93719, 56.8055)"
ACIS,DUTCH HARBOR,29844,"c(-166.5433, 53.895)"
ACIS,EDNA BAY 13.8 SE,30478,"c(-133.45639, 55.78778)"
ACIS,SHEEP MOUNTAIN LODGE,30894,"c(-147.49921, 61.8125)"
ACIS,EAGLE AIRPORT,30896,"c(-141.14833, 64.77667)"
ACIS,WAINWRIGHT AIRPORT,30926,"c(-159.995, 70.63917)"
ACIS,DEERING AIRPORT,30948,"c(-162.76389, 66.06889)"
ACIS,ST GEORGE ISLAND AIRPORT,30950,"c(-169.565, 56.6)"
ACIS,NUIQSUT AIRPORT,30965,"c(-151.00166, 70.21167)"
ACIS,KIVALINA AIRPORT,30970,"c(-164.54832, 67.73167)"
ACIS,SELDOVIA AIRPORT,30982,"c(-151.70168, 59.44333)"
ACIS,FAIRBANKS AIRPORT #2,31019,"c(-147.8739, 64.8172)"
ACIS,JUNEAU LENA POINT,31020,"c(-134.76579, 58.3869)"
ACIS,PORT GRAHAM,31021,"c(-151.83556, 59.35306)"
ACIS,ANCHORAGE MIDTOWN,31085,"c(-149.88583, 61.19389)"
ACIS,CAMPBELL CREEK SCIENCE CENTER,31086,"c(-149.77769, 61.1638)"
ACIS,CHANDALAR SHELF DOT,31087,"c(-149.5647, 68.0781)"
ACIS,ESTER 4 S,31088,"c(-148.03667, 64.79194)"
ACIS,FAIRBANKS 19 N,31089,"c(-147.68556, 65.11778)"
ACIS,HAINES #2,31090,"c(-135.4494, 59.2381)"
ACIS,KENNY LAKE 7SE,31091,"c(-144.76331, 61.6797)"
ACIS,SKAGWAY 6NE,31092,"c(-135.2319, 59.5272)"
ACIS,EKLUTNA WTP,31183,"c(-149.323, 61.4495)"
ACIS,"NANCY LAKE",31184,"c(-149.97501, 61.68306)"
ACIS,JUNEAU FORECAST OFFICE,31193,"c(-134.5694, 58.4002)"
ACIS,JUNEAU MILE 17,31194,"c(-134.7468, 58.4058)"
ACIS,KETCHIKAN 14N,31210,"c(-131.80556, 55.465)"
ACIS,BLASHKE ISLAND,31240,"c(-132.9016, 56.1172)"
ACIS,JUNEAU OUTER POINT,31246,"c(-134.67529, 58.2944)"
ACIS,"NANWALEK",31255,"c(-151.92111, 59.35556)"
ACIS,IGLOO LODGE,31256,"c(-149.77779, 63.16389)"
ACIS,VALDEZ 18E,31257,"c(-145.78917, 61.11194)"
ACIS,CAMP TOGOWOODS,31277,"c(-149.75722, 61.495)"
ACIS,CORDOVA WWTP,31404,"c(-145.778, 60.5358)"
ACIS,WALLY NOERENBERG HATCHERY,31409,"c(-148.0872, 60.7986)"
ACIS,PORT LIONS,31421,"c(-152.87862, 57.86778)"
ACIS,CHISTOCHINA 4 NNE,31447,"c(-144.61555, 62.6125)"
ACIS,BUTTE 3NNE,31467,"c(-149.00549, 61.5836)"
ACIS,HOMER 13 NE,31469,"c(-151.21028, 59.76222)"
ACIS,EAGLE RIVER GAKONA CIRCLE,31482,"c(-149.5435, 61.3193)"
ACIS,SUSITNA LANDING,31554,"c(-150.09889, 61.91278)"
ACIS,POINT BAKER,31559,"c(-133.6263, 56.3511)"
ACIS,FUNNY RIVER,31572,"c(-150.80556, 60.48222)"
ACIS,HYDER,31580,"c(-130.02592, 55.9158)"
ACIS,HOMER 2NW,31593,"c(-151.56361, 59.66583)"
ACIS,AURORA,31749,"c(-147.7216, 64.8552)"
ACIS,KETCHIKAN AIRPORT,31833,"c(-131.64999, 55.35)"
ACIS,KETCHIKAN TONGASS,31834,"c(-131.66667, 55.33333)"
ACIS,KETCHIKAN ELLIS,31835,"c(-131.56667, 55.33333)"
ACIS,SOLDOTNA 5SSW,31841,"c(-151.13361, 60.4194)"
ACIS,ANCHORAGE CHESTER CREEK,31847,"c(-149.91055, 61.20444)"
ACIS,JUNEAU LEMON CREEK,31850,"c(-134.47945, 58.35444)"
ACIS,TRAPPER CREEK 10W,31851,"c(-150.53778, 62.33389)"
ACIS,MONTANA CREEK DOT,31878,"c(-146.0864, 65.36)"
ACIS,COLLEGE 3NNW,31882,"c(-147.84528, 64.89222)"
ACIS,WILLOW 4SW,31941,"c(-150.11389, 61.70639)"
ACIS,ESTER 2SSW,31945,"c(-148.04639, 64.76944)"
ACIS,MONASHKA CREEK DAM,31947,"c(-152.4585, 57.8426)"
ACIS,ANCHORAGE ARCTIC & INTERNATIONAL,32417,"c(-149.905, 61.17472)"
ACIS,KODIAK WWTP,32422,"c(-152.35609, 57.8048)"
ACIS,CANTWELL 4E,32628,"c(-148.8441, 63.3724)"
ACIS,Kodiak Area,32637,"c(0, 0)"
ACIS,King Salmon Area,32640,"c(0, 0)"
ACIS,Anchorage Area,32645,"c(0, 0)"
ACIS,Annette Area,32647,"c(0, 0)"
ACIS,Bethel Area,32657,"c(0, 0)"
ACIS,Delta Junction Area,32662,"c(0, 0)"
ACIS,Barrow Area,32673,"c(0, 0)"
ACIS,Bettles Area,32675,"c(0, 0)"
ACIS,Cold Bay Area,32683,"c(0, 0)"
ACIS,Fairbanks Area,32722,"c(0, 0)"
ACIS,Gulkana Area,32736,"c(0, 0)"
ACIS,Homer Area,32749,"c(0, 0)"
ACIS,Juneau Area,32772,"c(0, 0)"
ACIS,Mcgrath Area,32790,"c(0, 0)"
ACIS,Nome Area,32817,"c(0, 0)"
ACIS,Kotzebue Area,32822,"c(0, 0)"
ACIS,St Paul Island Area,32863,"c(0, 0)"
ACIS,Talkeetna Area,32870,"c(0, 0)"
ACIS,Yakutat Area,32886,"c(0, 0)"
ACIS,ANCHORAGE UPPER DE ARMOUN,32955,"c(-149.7169, 61.1025)"
ACIS,ST. PAUL 4 NE,32960,"c(-170.2119, 57.1575)"
ACIS,WASILLA 4N,32989,"c(-149.41917, 61.65083)"
ACIS,ANCHORAGE RABBIT CREEK #2,33105,"c(-149.7561, 61.0882)"
ACIS,SEVEN MILE DOT,33109,"c(-149.8519, 65.9402)"
ACIS,MEADOW LAKES,33545,"c(-149.565, 61.57778)"
ACIS,COLLEGE 4 WSW,33728,"c(-147.95889, 64.8264)"
ACIS,BUTTE 1W,33754,"c(-149.05611, 61.5379)"
ACIS,GAKONA 10NE,33755,"c(-145.13251, 62.39139)"
ACIS,AMBER LAKE,33761,"c(-150.5033, 62.1925)"
ACIS,O'BRIEN CREEK,34549,"c(-141.41833, 64.31722)"
ACIS,MEYERS CHUCK,34609,"c(-133.255, 55.73944)"
ACIS,SITKA WATER TREATMENT PLANT,34620,"c(-135.3497, 57.0466)"
ACIS,ANCHORAGE 5SE,34690,"c(-149.80722, 61.16056)"
ACIS,MENTASTA LAKE 7E - BARTELL CREEK,34832,"c(-143.5741, 62.933)"
ACIS,RUBY 14NE,35061,"c(-155.11771, 64.8694)"
ACIS,CLEAR SKY,35068,"c(-149.1828, 64.2452)"
ACIS,KAKE,35085,"c(-133.89999, 56.96667)"
ACIS,TOK FORESTRY,40575,"c(-142.99556, 63.32694)"
ACIS,TOK #2,40827,"c(-143.0058, 63.3155)"
ACIS,MINCHUMINA AIRPORT,40856,"c(-152.30194, 63.88611)"
ACIS,HOMER KBRR,40861,"c(-151.53999, 59.64083)"
ACIS,FORT YUKON #2,40897,"c(-145.26556, 66.56639)"
ACIS,FORTY MILE RIVER AT TAYLOR HIGHWAY,40927,"c(-141.40889, 64.30861)"
ACIS,GOLDSTREAM CREEK,40987,"c(-147.87531, 64.8938)"
ACIS,ANCHORAGE 4.8 E,46477,"c(-149.75633, 61.20468)"
ACIS,ANCHORAGE 5.2 SE,46478,"c(-149.75421, 61.19264)"
ACIS,ANCHORAGE 2.8 SW,46480,"c(-149.96817, 61.19342)"
ACIS,ANCHORAGE 8.6 SSE,46481,"c(-149.82001, 61.1)"
ACIS,KNIK 10.0 ESE,46482,"c(-149.44774, 61.41763)"
ACIS,ANCHORAGE 6.4 ESE,46483,"c(-149.72046, 61.18523)"
ACIS,ANCHORAGE 31.7 SE,46484,"c(-149.12782, 60.95117)"
ACIS,ANCHORAGE 5.1 SE,46485,"c(-149.8067, 61.1606)"
ACIS,EAGLE RIVER 2.6 ESE,46486,"c(-149.49579, 61.31224)"
ACIS,EAGLE RIVER 6.2 ESE,46487,"c(-149.39447, 61.28687)"
ACIS,EAGLE RIVER 7.0 SE,46488,"c(-149.45432, 61.23777)"
ACIS,ANCHORAGE 11.9 SSE,46490,"c(-149.75243, 61.06138)"
ACIS,ANCHORAGE 3.1 ESE,46491,"c(-149.81117, 61.20591)"
ACIS,EAGLE RIVER 3.1 NNE,46492,"c(-149.55008, 61.36594)"
ACIS,ANCHORAGE 5.0 ESE,46493,"c(-149.75996, 61.1925)"
ACIS,EAGLE RIVER 7.8 SE,46494,"c(-149.44008, 61.22724)"
ACIS,ANIAK 0.4 W,46496,"c(-159.55104, 61.57999)"
ACIS,SLEETMUTE 1.4 SSE,46497,"c(-157.16991, 61.70253)"
ACIS,FAIRBANKS 11.3 NW,46498,"c(-148.0244, 64.9347)"
ACIS,JUNEAU 3.0 NW,46499,"c(-134.64526, 58.3834)"
ACIS,JUNEAU 2.8 NW,46500,"c(-134.59184, 58.40285)"
ACIS,JUNEAU 11.6 SE,46501,"c(-134.32063, 58.25922)"
ACIS,DOUGLAS 0.1 SSE,46502,"c(-134.39069, 58.27524)"
ACIS,SOLDOTNA 0.6 W,46505,"c(-151.08231, 60.4868)"
ACIS,SOLDOTNA 11.5 E,46506,"c(-150.72601, 60.48787)"
ACIS,WILLOW 3.6 SE,46507,"c(-149.98965, 61.69947)"
ACIS,EDNA BAY 1.3 E,46509,"c(-133.61775, 55.95527)"
ACIS,SKAGWAY 0.5 W,46510,"c(-135.3503, 59.5201)"
ACIS,MILE 50 - KANDIK RIVER,62481,"c(-141.52049, 65.5663)"
ACIS,ALPINE CREEK LODGE,63988,"c(-147.24789, 63.0429)"
ACIS,PALMER 1.7 WNW,64007,"c(-149.12579, 61.6185)"
ACIS,ALPINE,67802,"c(-150.92821, 70.3463)"
ACIS,TOGIAK,67807,"c(-160.38333, 59.05)"
ACIS,CHUGIAK 0.8,69602,"c(-149.48724, 61.40692)"
ACIS,TALKEETNA 7.6 S,70348,"c(-150.0731, 62.2272)"
ACIS,FAIRBANKS 7.2 ENE,76641,"c(-147.4436, 64.8933)"
ACIS,FAIRBANKS 7.0 NNE,76642,"c(-147.5387, 64.9276)"
ACIS,LONG LAKE,77588,"c(-133.83, 58.19)"
ACIS,MOORE CREEK BRIDGE,77589,"c(-135.21001, 59.59)"
ACIS,AMERICAN CREEK,77590,"c(-141.23, 64.79)"
ACIS,MAY CREEK,77591,"c(-142.71001, 61.35)"
ACIS,CHISANA,77592,"c(-142.05, 62.07)"
ACIS,UPPER CHENA,77593,"c(-144.92999, 65.1)"
ACIS,MT. EYAK,77594,"c(-145.75, 60.55)"
ACIS,UPPER TSAINA RIVER,77595,"c(-145.64999, 61.19)"
ACIS,FIELDING LAKE,77596,"c(-145.63, 63.2)"
ACIS,GRANITE CRK,77597,"c(-145.39999, 63.94)"
ACIS,RHOADS CREEK,77598,"c(-145.33, 63.93)"
ACIS,TEUCHET CREEK,77599,"c(-145.52, 64.95)"
ACIS,MONUMENT CREEK,77600,"c(-145.87, 65.08)"
ACIS,EAGLE SUMMIT,77601,"c(-145.41, 65.49)"
ACIS,FORT YUKON,77602,"c(-145.25, 66.57)"
ACIS,SUGARLOAF MTN,77603,"c(-146.3, 61.08)"
ACIS,MUNSON RIDGE,77604,"c(-146.21001, 64.85)"
ACIS,MT. RYAN,77605,"c(-146.14999, 65.25)"
ACIS,LITTLE CHENA RIDGE,77606,"c(-146.73, 65.12)"
ACIS,UPPER NOME CREEK,77607,"c(-146.59, 65.37)"
ACIS,MONAHAN FLAT,77608,"c(-147.64999, 63.31)"
ACIS,FAIRBANKS F.O.,77609,"c(-147.8, 64.85)"
ACIS,ESTHER ISLAND,77610,"c(-148.09, 60.8)"
ACIS,MORAINE,77611,"c(-149, 61.38)"
ACIS,SAGWON,77612,"c(-148.69, 69.42)"
ACIS,PRUDHOE BAY,77613,"c(-148.57001, 70.27)"
ACIS,MT. ALYESKA,77614,"c(-149.09, 60.96)"
ACIS,GRANDVIEW,77615,"c(-149.06, 60.61)"
ACIS,COOPER LAKE,77616,"c(-149.69, 60.39)"
ACIS,TURNAGAIN PASS,77617,"c(-149.17999, 60.78)"
ACIS,GROUSE CREEK DIVIDE,77618,"c(-149.34, 60.26)"
ACIS,EXIT GLACIER,77619,"c(-149.62, 60.19)"
ACIS,SUMMIT CREEK,77620,"c(-149.53, 60.62)"
ACIS,INDIAN PASS,77621,"c(-149.48, 61.07)"
ACIS,ANCHORAGE HILLSIDE,77622,"c(-149.67, 61.11)"
ACIS,INDEPENDENCE MINE,77623,"c(-149.28, 61.79)"
ACIS,IMNAVIAT CREEK,77624,"c(-149.3, 68.62)"
ACIS,ATIGUN PASS,77625,"c(-149.48, 68.13)"
ACIS,MIDDLE FORK BRADLEY,77626,"c(-150.75999, 59.78)"
ACIS,NUKA GLACIER,77627,"c(-150.71001, 59.7)"
ACIS,KACHEMAK CREEK,77628,"c(-150.66, 59.73)"
ACIS,KENAI MOOSE PENS,77629,"c(-150.48, 60.73)"
ACIS,ALEXANDER LAKE,77630,"c(-150.89, 61.75)"
ACIS,TOKOSITNA VALLEY,77633,"c(-150.78, 62.63)"
ACIS,SUSITNA VALLEY HIGH,77634,"c(-150.03999, 62.13)"
ACIS,KANTISHNA,77635,"c(-150.99001, 63.54)"
ACIS,GOBBLERS KNOB,77636,"c(-150.67, 66.75)"
ACIS,COLDFOOT,77637,"c(-150.17999, 67.25)"
ACIS,ANCHOR RIVER DIVIDE,77638,"c(-151.32001, 59.86)"
ACIS,MCNEIL CANYON,77639,"c(-151.25, 59.74)"
ACIS,PORT GRAHAM,77640,"c(-151.85001, 59.35)"
ACIS,BETTLES FIELD,77641,"c(-151.53, 66.92)"
ACIS,TELAQUANA LAKE,77642,"c(-153.92, 60.98)"
ACIS,MCNEIL RIVER SGS,77643,"c(-154.28, 59.08)"
ACIS,KELLY STATION,77644,"c(-162.28, 67.93)"
ACIS,ROCKY POINT,77645,"c(-163.42, 64.53)"
ACIS,PARGON CREEK,77646,"c(-163.10001, 64.99)"
ACIS,JOHNSON'S CAMP,77647,"c(-164.28999, 64.56)"
ACIS,FAIRBANKS 5.7 N,78066,"c(-147.6304, 64.9186)"
ACIS,ANCHORAGE 4.7 SSW,78655,"c(-149.9346, 61.1529)"
ACIS,VALDEZ,79397,"c(-146.3822, 61.1312)"
ACIS,STERLING 6SW,79808,"c(-150.91879, 60.4905)"
ACIS,THORNE BAY,79815,"c(-132.5246, 55.6918)"
ACIS,HARDING LAKE NE,80187,"c(-146.8152, 64.4391)"
ACIS,Skagway Area,80224,"c(0, 0)"
ACIS,ANCHORAGE 7.6 SSE,80436,"c(-149.84599, 61.11129)"
ACIS,ANCHORAGE 4.5 E,80853,"c(-149.76488, 61.21302)"
ACIS,FAIRBANKS 4.4 W,81070,"c(-147.7973, 64.8447)"
ACIS,JUNEAU 14.6 W,83089,"c(-134.53131, 58.35684)"
ACIS,EAGLECREST BASE,83196,"c(-134.51401, 58.2761)"
ACIS,JUNEAU-DOUGLAS WWTP,83197,"c(-134.38499, 58.2865)"
ACIS,KETCHIKAN 10N,83198,"c(-131.8183, 55.4519)"
ACIS,WASILLA 2.7 NW,84043,"c(-149.5233, 61.6058)"
ACIS,FAIRBANKS 5.6 NNE,86673,"c(-147.56799, 64.9112)"
ACIS,ANCHORAGE 2.6 SW,93628,"c(-149.9492, 61.1898)"
ACIS,MANLEY HOT SPRINGS 15NE,93827,"c(-150.22771, 65.1225)"
ACIS,YAKUTAT POWER,94427,"c(-139.85556, 59.72861)"
ACIS,KLAWOCK WATER PLANT,94429,"c(-133.0647, 55.55158)"
ACIS,METLAKATLA POWER,94432,"c(-131.59007, 55.08563)"
ACIS,BARROW ERL,94509,"c(-156.61227, 71.32431)"
ACIS,ROBERTSON RIVER,95224,"c(-143.8335, 63.4501)"
ACIS,PAXSON 10.8 SSE,96423,"c(-145.51724, 62.93936)"
ACIS,ANCHORAGE 8.3 SSE,96690,"c(-149.77678, 61.11375)"
ACIS,TALKEETNA 6.2 N,96941,"c(-150.12366, 62.42513)"
